timestamp,slice_id,node_id,node_type,cpu,memory,latency_ms,packet_loss,throughput_mbps,prb_utilization,fault_label,fault_type,source
2026-05-10T11:29:10+00:00,slice_1,gnb_1,gNB,49.241,55.918,23.445,0.002087,525.044,0.797717,0,,realistic_mixed
2026-05-10T11:29:10+00:00,slice_2,upf_2,UPF,57.502,54.899,30.431,0.003212,93.912,0.743915,0,,realistic_mixed
2026-05-10T11:29:10+00:00,slice_3,router_3,Router,56.529,67.408,10.705,0.005809,289.471,0.72205,0,,realistic_mixed
2026-05-10T11:29:10+00:00,slice_1,service_4,Service,57.106,54.76,31.801,0.012995,528.087,0.90297,0,,realistic_mixed
2026-05-10T11:29:10+00:00,slice_2,amf_5,AMF,46.125,50.539,31.344,0.002441,213.618,0.646682,0,,realistic_mixed
2026-05-10T11:29:10+00:00,slice_3,smf_6,SMF,51.109,56.461,12.206,0.002997,298.631,0.733135,0,,realistic_mixed
2026-05-10T11:29:10+00:00,slice_1,gnb_7,gNB,46.804,57.885,23.07,0.005334,529.751,0.792091,0,,realistic_mixed
2026-05-10T11:29:10+00:00,slice_2,upf_8,UPF,52.709,51.413,29.909,0.00257,134.994,0.67512,0,,realistic_mixed
2026-05-10T11:30:10+00:00,slice_1,gnb_1,gNB,50.05,50.518,23.244,0.004095,394.593,0.798076,0,,realistic_mixed
2026-05-10T11:30:10+00:00,slice_2,upf_2,UPF,56.95,63.737,30.444,0.0043,275.728,0.623618,0,,realistic_mixed
2026-05-10T11:30:10+00:00,slice_3,router_3,Router,55.862,53.364,9.811,0.002161,291.521,0.660909,0,,realistic_mixed
2026-05-10T11:30:10+00:00,slice_1,service_4,Service,59.25,62.029,21.203,0.003133,586.727,0.787212,0,,realistic_mixed
2026-05-10T11:30:10+00:00,slice_2,amf_5,AMF,42.854,51.845,30.325,0.002534,184.633,0.656125,0,,realistic_mixed
2026-05-10T11:30:10+00:00,slice_3,smf_6,SMF,54.653,62.22,10.871,0.002836,487.916,0.765028,0,,realistic_mixed
2026-05-10T11:30:10+00:00,slice_1,gnb_7,gNB,53.919,63.315,21.549,0.004565,440.316,0.765222,0,,realistic_mixed
2026-05-10T11:30:10+00:00,slice_2,upf_8,UPF,52.113,44.631,31.553,0.004099,214.619,0.641071,0,,realistic_mixed
2026-05-10T11:31:10+00:00,slice_1,gnb_1,gNB,55.684,46.096,27.886,0.010799,643.789,0.858779,0,,realistic_mixed
2026-05-10T11:31:10+00:00,slice_2,upf_2,UPF,53.045,46.928,35.275,0.00293,258.253,0.799801,0,,realistic_mixed
2026-05-10T11:31:10+00:00,slice_3,router_3,Router,53.029,55.451,10.54,0.00369,409.719,0.717913,0,,realistic_mixed
2026-05-10T11:31:10+00:00,slice_1,service_4,Service,50.078,50.615,20.929,0.004048,451.399,0.775546,0,,realistic_mixed
2026-05-10T11:31:10+00:00,slice_2,amf_5,AMF,62.791,69.192,31.351,0.006173,136.455,0.647737,0,,realistic_mixed
2026-05-10T11:31:10+00:00,slice_3,smf_6,SMF,60.396,69.176,11.018,0.002412,403.816,0.667985,0,,realistic_mixed
2026-05-10T11:31:10+00:00,slice_1,gnb_7,gNB,59.654,52.216,20.271,0.002941,651.895,0.772706,0,,realistic_mixed
2026-05-10T11:31:10+00:00,slice_2,upf_8,UPF,66.459,56.005,36.46,0.003937,406.522,0.66215,0,,realistic_mixed
2026-05-10T11:32:10+00:00,slice_1,gnb_1,gNB,56.323,45.346,22.643,0.002777,459.061,0.790869,0,,realistic_mixed
2026-05-10T11:32:10+00:00,slice_2,upf_2,UPF,56.23,52.341,33.04,0.002043,188.865,0.663325,0,,realistic_mixed
2026-05-10T11:32:10+00:00,slice_3,router_3,Router,46.778,60.659,17.816,0.004991,384.946,0.836999,0,,realistic_mixed
2026-05-10T11:32:10+00:00,slice_1,service_4,Service,60.592,62.577,22.397,0.00261,471.984,0.799054,0,,realistic_mixed
2026-05-10T11:32:10+00:00,slice_2,amf_5,AMF,51.846,56.037,31.023,0.002472,208.119,0.743424,0,,realistic_mixed
2026-05-10T11:32:10+00:00,slice_3,smf_6,SMF,51.865,60.433,18.419,0.002609,380.269,0.821687,0,,realistic_mixed
2026-05-10T11:32:10+00:00,slice_1,gnb_7,gNB,63.421,63.853,19.973,0.004251,430.071,0.732472,0,,realistic_mixed
2026-05-10T11:32:10+00:00,slice_2,upf_8,UPF,56.88,56.629,33.33,0.00241,170.557,0.673071,0,,realistic_mixed
2026-05-10T11:33:10+00:00,slice_1,gnb_1,gNB,49.218,54.13,20.557,0.003149,552.272,0.768273,0,,realistic_mixed
2026-05-10T11:33:10+00:00,slice_2,upf_2,UPF,51.11,51.073,32.086,0.003498,406.516,0.6578,0,,realistic_mixed
2026-05-10T11:33:10+00:00,slice_3,router_3,Router,55.964,50.599,15.298,0.003751,575.778,0.79897,0,,realistic_mixed
2026-05-10T11:33:10+00:00,slice_1,service_4,Service,50.992,55.484,18.974,0.004319,608.96,0.728539,0,,realistic_mixed
2026-05-10T11:33:10+00:00,slice_2,amf_5,AMF,54.337,47.926,30.66,0.005302,248.688,0.699773,0,,realistic_mixed
2026-05-10T11:33:10+00:00,slice_3,smf_6,SMF,59.91,63.383,11.42,0.004461,316.044,0.72612,0,,realistic_mixed
2026-05-10T11:33:10+00:00,slice_1,gnb_7,gNB,51.5,45.226,24.734,0.00365,546.947,0.818726,0,,realistic_mixed
2026-05-10T11:33:10+00:00,slice_2,upf_8,UPF,49.106,43.54,30.475,0.003721,148.705,0.719314,0,,realistic_mixed
2026-05-10T11:34:10+00:00,slice_1,gnb_1,gNB,53.514,60.326,19.483,0.002655,426.244,0.732925,0,,realistic_mixed
2026-05-10T11:34:10+00:00,slice_2,upf_2,UPF,59.672,58.31,34.188,0.00321,158.763,0.783758,0,,realistic_mixed
2026-05-10T11:34:10+00:00,slice_3,router_3,Router,49.239,42.687,10.998,0.002081,295.896,0.682944,0,,realistic_mixed
2026-05-10T11:34:10+00:00,slice_1,service_4,Service,49.342,49.359,18.649,0.004932,475.666,0.668827,0,,realistic_mixed
2026-05-10T11:34:10+00:00,slice_2,amf_5,AMF,52.929,55.684,33.373,0.003271,196.199,0.669506,0,,realistic_mixed
2026-05-10T11:34:10+00:00,slice_3,smf_6,SMF,59.452,60.646,11.456,0.002801,219.545,0.673197,0,,realistic_mixed
2026-05-10T11:34:10+00:00,slice_1,gnb_7,gNB,65.559,53.965,29.004,0.00816,681.402,0.868209,0,,realistic_mixed
2026-05-10T11:34:10+00:00,slice_2,upf_8,UPF,54.892,47.267,29.551,0.003225,196.715,0.603228,0,,realistic_mixed
2026-05-10T11:35:10+00:00,slice_1,gnb_1,gNB,57.069,62.706,27.939,0.008597,459.723,0.850326,0,,realistic_mixed
2026-05-10T11:35:10+00:00,slice_2,upf_2,UPF,61.834,48.584,34.26,0.0035,285.394,0.649479,0,,realistic_mixed
2026-05-10T11:35:10+00:00,slice_3,router_3,Router,49.633,50.692,14.36,0.00318,475.172,0.747192,0,,realistic_mixed
2026-05-10T11:35:10+00:00,slice_1,service_4,Service,49.61,46.778,21.51,0.003023,637.938,0.804253,0,,realistic_mixed
2026-05-10T11:35:10+00:00,slice_2,amf_5,AMF,44.479,51.764,29.449,0.003244,130.08,0.618918,0,,realistic_mixed
2026-05-10T11:35:10+00:00,slice_3,smf_6,SMF,50.201,50.19,13.122,0.002034,408.606,0.77264,0,,realistic_mixed
2026-05-10T11:35:10+00:00,slice_1,gnb_7,gNB,39.38,48.846,18.635,0.002638,282.226,0.678044,0,,realistic_mixed
2026-05-10T11:35:10+00:00,slice_2,upf_8,UPF,60.091,65.771,30.163,0.00208,80.996,0.642976,0,,realistic_mixed
2026-05-10T11:36:10+00:00,slice_1,gnb_1,gNB,49.176,55.021,23.25,0.004403,620.975,0.814649,0,,realistic_mixed
2026-05-10T11:36:10+00:00,slice_2,upf_2,UPF,54.966,48.125,32.294,0.003766,57.387,0.679363,0,,realistic_mixed
2026-05-10T11:36:10+00:00,slice_3,router_3,Router,58.308,54.801,11.143,0.003013,368.479,0.756115,0,,realistic_mixed
2026-05-10T11:36:10+00:00,slice_1,service_4,Service,50.431,56.624,22.618,0.00272,397.03,0.79207,0,,realistic_mixed
2026-05-10T11:36:10+00:00,slice_2,amf_5,AMF,52.527,49.481,30.91,0.002343,220.679,0.599529,0,,realistic_mixed
2026-05-10T11:36:10+00:00,slice_3,smf_6,SMF,59.334,54.113,14.459,0.004618,261.618,0.703577,0,,realistic_mixed
2026-05-10T11:36:10+00:00,slice_1,gnb_7,gNB,57.512,51.208,18.286,0.0021,499.66,0.721835,0,,realistic_mixed
2026-05-10T11:36:10+00:00,slice_2,upf_8,UPF,44.68,50.19,30.075,0.002838,181.692,0.621255,0,,realistic_mixed
2026-05-10T11:37:10+00:00,slice_1,gnb_1,gNB,37.494,48.294,17.077,0.00346,489.189,0.728982,0,,realistic_mixed
2026-05-10T11:37:10+00:00,slice_2,upf_2,UPF,51.856,54.809,30.44,0.006267,204.118,0.617102,0,,realistic_mixed
2026-05-10T11:37:10+00:00,slice_3,router_3,Router,58.006,60.213,11.348,0.002063,447.612,0.746228,0,,realistic_mixed
2026-05-10T11:37:10+00:00,slice_1,service_4,Service,54.247,71.876,24.793,0.005598,509.148,0.82543,0,,realistic_mixed
2026-05-10T11:37:10+00:00,slice_2,amf_5,AMF,51.786,57.934,34.544,0.002056,171.036,0.582916,0,,realistic_mixed
2026-05-10T11:37:10+00:00,slice_3,smf_6,SMF,44.614,49.61,10.476,0.002887,257.275,0.657584,0,,realistic_mixed
2026-05-10T11:37:10+00:00,slice_1,gnb_7,gNB,43.87,54.772,21.608,0.002909,395.058,0.77848,0,,realistic_mixed
2026-05-10T11:37:10+00:00,slice_2,upf_8,UPF,42.894,38.626,30.157,0.006042,217.04,0.621353,0,,realistic_mixed
2026-05-10T11:38:10+00:00,slice_1,gnb_1,gNB,54.067,54.46,19.31,0.005113,574.481,0.701252,0,,realistic_mixed
2026-05-10T11:38:10+00:00,slice_2,upf_2,UPF,56.739,58.754,31.731,0.006002,144.917,0.611388,0,,realistic_mixed
2026-05-10T11:38:10+00:00,slice_3,router_3,Router,62.009,59.704,17.659,0.003638,395.297,0.823944,0,,realistic_mixed
2026-05-10T11:38:10+00:00,slice_1,service_4,Service,65.773,61.538,23.288,0.005318,434.039,0.771966,0,,realistic_mixed
2026-05-10T11:38:10+00:00,slice_2,amf_5,AMF,60.655,53.206,29.432,0.006107,64.612,0.651784,0,,realistic_mixed
2026-05-10T11:38:10+00:00,slice_3,smf_6,SMF,52.096,65.436,12.015,0.003827,438.331,0.732002,0,,realistic_mixed
2026-05-10T11:38:10+00:00,slice_1,gnb_7,gNB,46.186,62.477,22.744,0.004333,495.311,0.799299,0,,realistic_mixed
2026-05-10T11:38:10+00:00,slice_2,upf_8,UPF,58.956,67.784,30.936,0.004767,207.055,0.661087,0,,realistic_mixed
2026-05-10T11:39:10+00:00,slice_1,gnb_1,gNB,54.279,47.941,28.772,0.005383,392.667,0.835133,0,,realistic_mixed
2026-05-10T11:39:10+00:00,slice_2,upf_2,UPF,60.654,59.291,30.823,0.003677,142.399,0.607698,0,,realistic_mixed
2026-05-10T11:39:10+00:00,slice_3,router_3,Router,50.098,52.042,14.712,0.00283,304.318,0.744862,0,,realistic_mixed
2026-05-10T11:39:10+00:00,slice_1,service_4,Service,55.015,54.242,22.294,0.00245,447.975,0.786886,0,,realistic_mixed
2026-05-10T11:39:10+00:00,slice_2,amf_5,AMF,55.545,65.766,31.565,0.002972,139.741,0.647147,0,,realistic_mixed
2026-05-10T11:39:10+00:00,slice_3,smf_6,SMF,52.35,60.676,12.986,0.002722,421.975,0.707089,0,,realistic_mixed
2026-05-10T11:39:10+00:00,slice_1,gnb_7,gNB,57.186,60.288,21.268,0.003497,595.766,0.786043,0,,realistic_mixed
2026-05-10T11:39:10+00:00,slice_2,upf_8,UPF,58.657,54.13,31.106,0.004026,156.712,0.64614,0,,realistic_mixed
2026-05-10T11:40:10+00:00,slice_1,gnb_1,gNB,51.745,64.437,17.788,0.002837,550.065,0.713388,0,,realistic_mixed
2026-05-10T11:40:10+00:00,slice_2,upf_2,UPF,48.898,47.318,30.795,0.002751,403.358,0.62041,0,,realistic_mixed
2026-05-10T11:40:10+00:00,slice_3,router_3,Router,55.186,65.899,11.669,0.002658,425.426,0.731535,0,,realistic_mixed
2026-05-10T11:40:10+00:00,slice_1,service_4,Service,56.755,57.562,24.959,0.003118,431.726,0.822865,0,,realistic_mixed
2026-05-10T11:40:10+00:00,slice_2,amf_5,AMF,57.266,65.96,32.063,0.0027,130.042,0.725707,0,,realistic_mixed
2026-05-10T11:40:10+00:00,slice_3,smf_6,SMF,57.725,52.922,16.13,0.002564,237.257,0.789442,0,,realistic_mixed
2026-05-10T11:40:10+00:00,slice_1,gnb_7,gNB,62.745,58.639,23.636,0.003005,584.3,0.822424,0,,realistic_mixed
2026-05-10T11:40:10+00:00,slice_2,upf_8,UPF,48.541,42.833,32.503,0.00201,256.375,0.672102,0,,realistic_mixed
2026-05-10T11:41:10+00:00,slice_1,gnb_1,gNB,49.884,43.124,20.216,0.004191,419.844,0.78089,0,,realistic_mixed
2026-05-10T11:41:10+00:00,slice_2,upf_2,UPF,48.06,51.248,29.743,0.002957,256.556,0.598401,0,,realistic_mixed
2026-05-10T11:41:10+00:00,slice_3,router_3,Router,51.362,54.598,11.154,0.004518,385.336,0.717052,0,,realistic_mixed
2026-05-10T11:41:10+00:00,slice_1,service_4,Service,50.039,54.553,19.88,0.003606,500.19,0.702895,0,,realistic_mixed
2026-05-10T11:41:10+00:00,slice_2,amf_5,AMF,48.725,48.236,30.012,0.002546,90.011,0.736454,0,,realistic_mixed
2026-05-10T11:41:10+00:00,slice_3,smf_6,SMF,70.848,61.641,26.098,0.005862,317.431,0.815671,0,,realistic_mixed
2026-05-10T11:41:10+00:00,slice_1,gnb_7,gNB,58.117,56.749,21.801,0.00263,498.093,0.792533,0,,realistic_mixed
2026-05-10T11:41:10+00:00,slice_2,upf_8,UPF,57.877,54.731,30.089,0.002366,247.666,0.718092,0,,realistic_mixed
2026-05-10T11:42:10+00:00,slice_1,gnb_1,gNB,50.333,53.235,20.158,0.00298,593.897,0.769664,0,,realistic_mixed
2026-05-10T11:42:10+00:00,slice_2,upf_2,UPF,51.671,42.964,31.352,0.003417,89.006,0.606644,0,,realistic_mixed
2026-05-10T11:42:10+00:00,slice_3,router_3,Router,49.525,55.999,11.319,0.002114,333.336,0.725483,0,,realistic_mixed
2026-05-10T11:42:10+00:00,slice_1,service_4,Service,46.465,53.854,18.318,0.002574,539.727,0.713674,0,,realistic_mixed
2026-05-10T11:42:10+00:00,slice_2,amf_5,AMF,44.344,56.006,31.417,0.002516,142.043,0.616607,0,,realistic_mixed
2026-05-10T11:42:10+00:00,slice_3,smf_6,SMF,45.083,46.748,14.88,0.003228,307.554,0.773969,0,,realistic_mixed
2026-05-10T11:42:10+00:00,slice_1,gnb_7,gNB,55.061,60.66,17.746,0.003441,369.17,0.689591,0,,realistic_mixed
2026-05-10T11:42:10+00:00,slice_2,upf_8,UPF,60.203,59.089,37.905,0.006036,218.609,0.81632,0,,realistic_mixed
2026-05-10T11:43:10+00:00,slice_1,gnb_1,gNB,55.165,55.84,27.203,0.007363,524.262,0.841325,0,,realistic_mixed
2026-05-10T11:43:10+00:00,slice_2,upf_2,UPF,57.611,61.751,31.404,0.004193,49.979,0.654344,0,,realistic_mixed
2026-05-10T11:43:10+00:00,slice_3,router_3,Router,40.002,46.147,10.122,0.005084,324.546,0.723098,0,,realistic_mixed
2026-05-10T11:43:10+00:00,slice_1,service_4,Service,51.504,63.648,19.874,0.002273,428.149,0.727376,0,,realistic_mixed
2026-05-10T11:43:10+00:00,slice_2,amf_5,AMF,54.989,61.769,30.868,0.003148,386.808,0.622044,0,,realistic_mixed
2026-05-10T11:43:10+00:00,slice_3,smf_6,SMF,58.172,53.497,12.034,0.003728,295.587,0.712906,0,,realistic_mixed
2026-05-10T11:43:10+00:00,slice_1,gnb_7,gNB,59.67,61.987,17.501,0.00478,536.617,0.742174,0,,realistic_mixed
2026-05-10T11:43:10+00:00,slice_2,upf_8,UPF,62.391,54.786,32.06,0.002896,80.918,0.602234,0,,realistic_mixed
2026-05-10T11:44:10+00:00,slice_1,gnb_1,gNB,63.219,68.702,25.345,0.004072,574.406,0.825433,0,,realistic_mixed
2026-05-10T11:44:10+00:00,slice_2,upf_2,UPF,63.763,60.92,30.74,0.002299,172.928,0.703305,0,,realistic_mixed
2026-05-10T11:44:10+00:00,slice_3,router_3,Router,55.142,52.287,15.596,0.002826,352.448,0.799077,0,,realistic_mixed
2026-05-10T11:44:10+00:00,slice_1,service_4,Service,53.552,59.23,24.976,0.003729,439.716,0.813123,0,,realistic_mixed
2026-05-10T11:44:10+00:00,slice_2,amf_5,AMF,45.986,54.595,32.179,0.005877,207.987,0.655856,0,,realistic_mixed
2026-05-10T11:44:10+00:00,slice_3,smf_6,SMF,74.35,64.63,24.643,0.004301,428.236,0.681854,0,,realistic_mixed
2026-05-10T11:44:10+00:00,slice_1,gnb_7,gNB,65.086,65.902,23.823,0.002887,470.922,0.799632,0,,realistic_mixed
2026-05-10T11:44:10+00:00,slice_2,upf_8,UPF,48.499,56.913,30.056,0.005525,279.792,0.732253,0,,realistic_mixed
2026-05-10T11:45:10+00:00,slice_1,gnb_1,gNB,50.249,57.016,18.703,0.002029,408.407,0.70068,0,,realistic_mixed
2026-05-10T11:45:10+00:00,slice_2,upf_2,UPF,48.858,61.382,29.619,0.004352,282.605,0.562177,0,,realistic_mixed
2026-05-10T11:45:10+00:00,slice_3,router_3,Router,52.211,71.914,14.7,0.004533,362.295,0.757295,0,,realistic_mixed
2026-05-10T11:45:10+00:00,slice_1,service_4,Service,44.212,46.528,31.934,0.012049,474.478,0.891005,0,,realistic_mixed
2026-05-10T11:45:10+00:00,slice_2,amf_5,AMF,54.358,51.54,31.293,0.003118,159.709,0.630323,0,,realistic_mixed
2026-05-10T11:45:10+00:00,slice_3,smf_6,SMF,52.69,58.962,11.641,0.002329,372.634,0.745186,0,,realistic_mixed
2026-05-10T11:45:10+00:00,slice_1,gnb_7,gNB,48.002,61.325,18.007,0.004505,480.184,0.720532,0,,realistic_mixed
2026-05-10T11:45:10+00:00,slice_2,upf_8,UPF,46.612,48.986,31.037,0.002967,176.425,0.673387,0,,realistic_mixed
2026-05-10T11:46:10+00:00,slice_1,gnb_1,gNB,61.041,66.074,102.759607,0.01567,427.695271,0.98,1,congestion,realistic_mixed
2026-05-10T11:46:10+00:00,slice_2,upf_2,UPF,58.366,49.078,103.673607,0.003842,192.164749,0.98,1,congestion,realistic_mixed
2026-05-10T11:46:10+00:00,slice_3,router_3,Router,56.568,39.816,87.794607,0.009956,292.631057,0.98,1,congestion,realistic_mixed
2026-05-10T11:46:10+00:00,slice_1,service_4,Service,51.441,52.773,103.910607,0.013653,406.545333,0.98,1,congestion,realistic_mixed
2026-05-10T11:46:10+00:00,slice_2,amf_5,AMF,59.005,49.507,31.157,0.003937,177.675,0.641061,0,,realistic_mixed
2026-05-10T11:46:10+00:00,slice_3,smf_6,SMF,56.692,63.293,11.421,0.003977,420.852,0.727893,0,,realistic_mixed
2026-05-10T11:46:10+00:00,slice_1,gnb_7,gNB,50.994,58.708,97.886607,0.010296,454.917074,0.98,1,congestion,realistic_mixed
2026-05-10T11:46:10+00:00,slice_2,upf_8,UPF,52.03,56.804,98.094607,0.002065,211.317301,0.81132,1,congestion,realistic_mixed
2026-05-10T11:47:10+00:00,slice_1,gnb_1,gNB,61.622,60.728,100.172607,0.015143,408.686506,0.98,1,congestion,realistic_mixed
2026-05-10T11:47:10+00:00,slice_2,upf_2,UPF,46.327,56.993,96.229607,0.003453,161.27404,0.956708,1,congestion,realistic_mixed
2026-05-10T11:47:10+00:00,slice_3,router_3,Router,65.99,58.408,85.246607,0.003453,387.30057,0.98,1,congestion,realistic_mixed
2026-05-10T11:47:10+00:00,slice_1,service_4,Service,60.972,45.351,88.436607,0.004087,420.514529,0.98,1,congestion,realistic_mixed
2026-05-10T11:47:10+00:00,slice_2,amf_5,AMF,73.88,59.706,45.788,0.002779,167.82,0.723013,0,,realistic_mixed
2026-05-10T11:47:10+00:00,slice_3,smf_6,SMF,71.389,64.934,30.106,0.008101,317.032,0.861551,0,,realistic_mixed
2026-05-10T11:47:10+00:00,slice_1,gnb_7,gNB,65.56,61.979,93.676607,0.00522,408.68885,0.98,1,congestion,realistic_mixed
2026-05-10T11:47:10+00:00,slice_2,upf_8,UPF,62.012,60.557,97.299607,0.002022,154.33164,0.98,1,congestion,realistic_mixed
2026-05-10T11:48:10+00:00,slice_1,gnb_1,gNB,55.413,58.462,93.296607,0.004195,413.02277,0.98,1,congestion,realistic_mixed
2026-05-10T11:48:10+00:00,slice_2,upf_2,UPF,64.213,60.544,97.524607,0.002749,207.890644,0.98,1,congestion,realistic_mixed
2026-05-10T11:48:10+00:00,slice_3,router_3,Router,52.14,57.636,87.569607,0.008515,183.217149,0.98,1,congestion,realistic_mixed
2026-05-10T11:48:10+00:00,slice_1,service_4,Service,40.726,53.353,84.290607,0.00529,296.356228,0.98,1,congestion,realistic_mixed
2026-05-10T11:48:10+00:00,slice_2,amf_5,AMF,54.977,72.306,29.731,0.003384,152.841,0.71724,0,,realistic_mixed
2026-05-10T11:48:10+00:00,slice_3,smf_6,SMF,54.487,59.56,21.747,0.008103,292.266,0.851903,0,,realistic_mixed
2026-05-10T11:48:10+00:00,slice_1,gnb_7,gNB,54.87,57.789,85.034607,0.00325,385.597791,0.98,1,congestion,realistic_mixed
2026-05-10T11:48:10+00:00,slice_2,upf_8,UPF,54.882,62.078,98.290607,0.002573,114.512867,0.879187,1,congestion,realistic_mixed
2026-05-10T11:49:10+00:00,slice_1,gnb_1,gNB,59.066,59.513,98.810607,0.014845,497.64831,0.98,1,congestion,realistic_mixed
2026-05-10T11:49:10+00:00,slice_2,upf_2,UPF,56.329,53.183,97.238607,0.002912,134.014728,0.937701,1,congestion,realistic_mixed
2026-05-10T11:49:10+00:00,slice_3,router_3,Router,64.147,66.689,82.919607,0.003634,275.582167,0.98,1,congestion,realistic_mixed
2026-05-10T11:49:10+00:00,slice_1,service_4,Service,65.769,54.862,93.233607,0.004119,430.520212,0.98,1,congestion,realistic_mixed
2026-05-10T11:49:10+00:00,slice_2,amf_5,AMF,56.806,64.333,32.809,0.002335,56.789,0.579375,0,,realistic_mixed
2026-05-10T11:49:10+00:00,slice_3,smf_6,SMF,48.641,61.729,10.402,0.00298,149.378,0.743732,0,,realistic_mixed
2026-05-10T11:49:10+00:00,slice_1,gnb_7,gNB,60.239,59.475,92.265607,0.00387,455.618816,0.98,1,congestion,realistic_mixed
2026-05-10T11:49:10+00:00,slice_2,upf_8,UPF,69.288,66.126,103.731607,0.005606,52.024237,0.955083,1,congestion,realistic_mixed
2026-05-10T11:50:10+00:00,slice_1,gnb_1,gNB,61.152,58.403,90.333607,0.002264,364.608832,0.98,1,congestion,realistic_mixed
2026-05-10T11:50:10+00:00,slice_2,upf_2,UPF,55.795,53.276,97.484607,0.008438,127.611528,0.918746,1,congestion,realistic_mixed
2026-05-10T11:50:10+00:00,slice_3,router_3,Router,62.203,58.28,87.525607,0.009789,338.444331,0.98,1,congestion,realistic_mixed
2026-05-10T11:50:10+00:00,slice_1,service_4,Service,58.434,61.445,102.502607,0.020022,229.874389,0.98,1,congestion,realistic_mixed
2026-05-10T11:50:10+00:00,slice_2,amf_5,AMF,48.956,54.862,32.514,0.003695,211.358,0.593848,0,,realistic_mixed
2026-05-10T11:50:10+00:00,slice_3,smf_6,SMF,48.781,54.748,24.358,0.0103,295.216,0.881484,0,,realistic_mixed
2026-05-10T11:50:10+00:00,slice_1,gnb_7,gNB,70.574,72.394,93.977607,0.004337,431.199292,0.98,1,congestion,realistic_mixed
2026-05-10T11:50:10+00:00,slice_2,upf_8,UPF,54.608,50.883,97.924607,0.00557,185.890489,0.90674,1,congestion,realistic_mixed
2026-05-10T11:51:10+00:00,slice_1,gnb_1,gNB,52.598,51.173,89.251607,0.002878,438.679329,0.98,1,congestion,realistic_mixed
2026-05-10T11:51:10+00:00,slice_2,upf_2,UPF,65.783,60.965,101.440607,0.003336,98.088356,0.953337,1,congestion,realistic_mixed
2026-05-10T11:51:10+00:00,slice_3,router_3,Router,54.628,54.949,86.649607,0.00756,143.027969,0.98,1,congestion,realistic_mixed
2026-05-10T11:51:10+00:00,slice_1,service_4,Service,65.947,56.26,99.458607,0.012553,431.436071,0.98,1,congestion,realistic_mixed
2026-05-10T11:51:10+00:00,slice_2,amf_5,AMF,57.926,54.363,33.964,0.00451,237.534,0.792921,0,,realistic_mixed
2026-05-10T11:51:10+00:00,slice_3,smf_6,SMF,57.873,67.388,13.194,0.002464,466.625,0.765245,0,,realistic_mixed
2026-05-10T11:51:10+00:00,slice_1,gnb_7,gNB,55.636,61.918,95.659607,0.007204,311.127973,0.98,1,congestion,realistic_mixed
2026-05-10T11:51:10+00:00,slice_2,upf_8,UPF,62.463,64.652,97.988607,0.004569,231.899125,0.948685,1,congestion,realistic_mixed
2026-05-10T11:52:10+00:00,slice_1,gnb_1,gNB,53.659,50.317,86.337607,0.002129,321.899476,0.978213,1,congestion,realistic_mixed
2026-05-10T11:52:10+00:00,slice_2,upf_2,UPF,68.551,66.313,102.079607,0.002365,144.43536,0.98,1,congestion,realistic_mixed
2026-05-10T11:52:10+00:00,slice_3,router_3,Router,58.022,60.438,87.764607,0.007412,261.012818,0.98,1,congestion,realistic_mixed
2026-05-10T11:52:10+00:00,slice_1,service_4,Service,54.901,55.211,95.941607,0.009951,485.995331,0.98,1,congestion,realistic_mixed
2026-05-10T11:52:10+00:00,slice_2,amf_5,AMF,65.96,57.301,34.993,0.002629,279.886,0.767982,0,,realistic_mixed
2026-05-10T11:52:10+00:00,slice_3,smf_6,SMF,54.898,54.818,27.058,0.013499,412.012,0.906367,0,,realistic_mixed
2026-05-10T11:52:10+00:00,slice_1,gnb_7,gNB,56.732,60.069,88.179607,0.00231,452.711041,0.98,1,congestion,realistic_mixed
2026-05-10T11:52:10+00:00,slice_2,upf_8,UPF,57.013,55.913,98.707607,0.003854,236.090822,0.98,1,congestion,realistic_mixed
2026-05-10T11:53:10+00:00,slice_1,gnb_1,gNB,61.253,58.463,86.080607,0.002946,409.167879,0.98,1,congestion,realistic_mixed
2026-05-10T11:53:10+00:00,slice_2,upf_2,UPF,53.674,52.786,96.872607,0.003457,122.693083,0.98,1,congestion,realistic_mixed
2026-05-10T11:53:10+00:00,slice_3,router_3,Router,59.386,72.668,77.617607,0.003466,240.985823,0.98,1,congestion,realistic_mixed
2026-05-10T11:53:10+00:00,slice_1,service_4,Service,55.595,65.041,93.592607,0.006091,352.890211,0.98,1,congestion,realistic_mixed
2026-05-10T11:53:10+00:00,slice_2,amf_5,AMF,52.8,53.299,31.241,0.002683,167.977,0.688089,0,,realistic_mixed
2026-05-10T11:53:10+00:00,slice_3,smf_6,SMF,35.729,48.214,11.903,0.003483,302.568,0.688231,0,,realistic_mixed
2026-05-10T11:53:10+00:00,slice_1,gnb_7,gNB,63.697,62.745,100.669607,0.015392,424.635114,0.98,1,congestion,realistic_mixed
2026-05-10T11:53:10+00:00,slice_2,upf_8,UPF,66.801,64.781,99.364607,0.003979,225.3959,0.98,1,congestion,realistic_mixed
2026-05-10T11:54:10+00:00,slice_1,gnb_1,gNB,62.116,66.49,89.888607,0.006998,433.917956,0.98,1,congestion,realistic_mixed
2026-05-10T11:54:10+00:00,slice_2,upf_2,UPF,57.338,61.941,99.661607,0.00311,101.108659,0.971912,1,congestion,realistic_mixed
2026-05-10T11:54:10+00:00,slice_3,router_3,Router,59.351,61.835,79.244607,0.004993,190.527612,0.98,1,congestion,realistic_mixed
2026-05-10T11:54:10+00:00,slice_1,service_4,Service,52.794,61.57,91.787607,0.005459,418.00295,0.98,1,congestion,realistic_mixed
2026-05-10T11:54:10+00:00,slice_2,amf_5,AMF,53.435,56.638,30.308,0.005755,96.934,0.641876,0,,realistic_mixed
2026-05-10T11:54:10+00:00,slice_3,smf_6,SMF,55.912,65.933,22.888,0.007984,474.892,0.861033,0,,realistic_mixed
2026-05-10T11:54:10+00:00,slice_1,gnb_7,gNB,50.284,57.791,89.945607,0.002822,390.61001,0.98,1,congestion,realistic_mixed
2026-05-10T11:54:10+00:00,slice_2,upf_8,UPF,53.128,64.429,96.961607,0.003321,149.546042,0.98,1,congestion,realistic_mixed
2026-05-10T11:55:10+00:00,slice_1,gnb_1,gNB,58.913,61.943,83.980607,0.003036,289.001223,0.98,1,congestion,realistic_mixed
2026-05-10T11:55:10+00:00,slice_2,upf_2,UPF,59.045,66.037,96.516607,0.002911,175.87074,0.953619,1,congestion,realistic_mixed
2026-05-10T11:55:10+00:00,slice_3,router_3,Router,58.468,64.394,79.780607,0.003777,167.407639,0.98,1,congestion,realistic_mixed
2026-05-10T11:55:10+00:00,slice_1,service_4,Service,61.494,58.689,100.473607,0.013883,417.246506,0.98,1,congestion,realistic_mixed
2026-05-10T11:55:10+00:00,slice_2,amf_5,AMF,53.972,57.934,31.231,0.003761,176.62,0.637326,0,,realistic_mixed
2026-05-10T11:55:10+00:00,slice_3,smf_6,SMF,69.965,64.142,28.496,0.012238,258.637,0.872209,0,,realistic_mixed
2026-05-10T11:55:10+00:00,slice_1,gnb_7,gNB,65.563,57.46,88.483607,0.003023,434.219595,0.98,1,congestion,realistic_mixed
2026-05-10T11:55:10+00:00,slice_2,upf_8,UPF,48.537,50.229,97.511607,0.002932,95.200899,0.94041,1,congestion,realistic_mixed
2026-05-10T11:56:10+00:00,slice_1,gnb_1,gNB,39.657,62.293,87.005607,0.003552,466.802143,0.98,1,congestion,realistic_mixed
2026-05-10T11:56:10+00:00,slice_2,upf_2,UPF,54.002,63.488,104.946607,0.003919,168.181274,0.98,1,congestion,realistic_mixed
2026-05-10T11:56:10+00:00,slice_3,router_3,Router,47.405,53.835,78.402607,0.004156,121.677199,0.98,1,congestion,realistic_mixed
2026-05-10T11:56:10+00:00,slice_1,service_4,Service,53.375,58.459,97.532607,0.015907,347.65606,0.98,1,congestion,realistic_mixed
2026-05-10T11:56:10+00:00,slice_2,amf_5,AMF,64.93,53.124,31.878,0.004114,47.369,0.557279,0,,realistic_mixed
2026-05-10T11:56:10+00:00,slice_3,smf_6,SMF,46.489,58.769,14.465,0.003863,323.551,0.781114,0,,realistic_mixed
2026-05-10T11:56:10+00:00,slice_1,gnb_7,gNB,61.06,60.385,112.430607,0.025072,420.826328,0.98,1,congestion,realistic_mixed
2026-05-10T11:56:10+00:00,slice_2,upf_8,UPF,72.936,66.228,108.559607,0.00223,139.738066,0.98,1,congestion,realistic_mixed
2026-05-10T11:57:10+00:00,slice_1,gnb_1,gNB,54.672,54.51,93.029607,0.007568,411.91233,0.98,1,congestion,realistic_mixed
2026-05-10T11:57:10+00:00,slice_2,upf_2,UPF,63.103,60.456,104.671607,0.003993,114.259677,0.98,1,congestion,realistic_mixed
2026-05-10T11:57:10+00:00,slice_3,router_3,Router,54.751,65.034,80.285607,0.002645,288.736311,0.98,1,congestion,realistic_mixed
2026-05-10T11:57:10+00:00,slice_1,service_4,Service,47.775,57.465,91.333607,0.003742,397.190598,0.98,1,congestion,realistic_mixed
2026-05-10T11:57:10+00:00,slice_2,amf_5,AMF,52.89,52.588,32.967,0.003078,185.96,0.707084,0,,realistic_mixed
2026-05-10T11:57:10+00:00,slice_3,smf_6,SMF,54.664,55.201,10.258,0.007377,194.971,0.742138,0,,realistic_mixed
2026-05-10T11:57:10+00:00,slice_1,gnb_7,gNB,41.685,56.193,95.476607,0.010755,417.698966,0.98,1,congestion,realistic_mixed
2026-05-10T11:57:10+00:00,slice_2,upf_8,UPF,39.561,44.967,97.206607,0.003907,135.613574,0.913895,1,congestion,realistic_mixed
2026-05-10T11:58:10+00:00,slice_1,gnb_1,gNB,49.797,54.422,18.749,0.002125,516.103,0.763765,0,,realistic_mixed
2026-05-10T11:58:10+00:00,slice_2,upf_2,UPF,35.49,49.715,30.647,0.004001,223.367,0.632266,0,,realistic_mixed
2026-05-10T11:58:10+00:00,slice_3,router_3,Router,25.858,41.517,10.804,0.004091,207.102,0.728768,0,,realistic_mixed
2026-05-10T11:58:10+00:00,slice_1,service_4,Service,45.685,45.58,19.338,0.002555,479.839,0.700919,0,,realistic_mixed
2026-05-10T11:58:10+00:00,slice_2,amf_5,AMF,51.377,54.354,30.197,0.003893,344.13,0.615473,0,,realistic_mixed
2026-05-10T11:58:10+00:00,slice_3,smf_6,SMF,51.096,43.398,10.655,0.004898,425.23,0.738869,0,,realistic_mixed
2026-05-10T11:58:10+00:00,slice_1,gnb_7,gNB,55.568,52.879,19.684,0.003164,407.987,0.773572,0,,realistic_mixed
2026-05-10T11:58:10+00:00,slice_2,upf_8,UPF,44.728,48.498,29.797,0.004672,193.606,0.633983,0,,realistic_mixed
2026-05-10T11:59:10+00:00,slice_1,gnb_1,gNB,42.407,54.403,20.708,0.002856,405.01,0.782289,0,,realistic_mixed
2026-05-10T11:59:10+00:00,slice_2,upf_2,UPF,57.901,61.606,30.812,0.002134,289.296,0.626969,0,,realistic_mixed
2026-05-10T11:59:10+00:00,slice_3,router_3,Router,49.496,51.206,12.448,0.002222,318.576,0.706218,0,,realistic_mixed
2026-05-10T11:59:10+00:00,slice_1,service_4,Service,49.084,48.487,21.865,0.00354,637.923,0.756629,0,,realistic_mixed
2026-05-10T11:59:10+00:00,slice_2,amf_5,AMF,60.968,56.437,32.292,0.002593,106.623,0.608071,0,,realistic_mixed
2026-05-10T11:59:10+00:00,slice_3,smf_6,SMF,60.62,62.572,12.36,0.005048,411.504,0.741163,0,,realistic_mixed
2026-05-10T11:59:10+00:00,slice_1,gnb_7,gNB,56.98,64.086,19.584,0.002478,537.796,0.646669,0,,realistic_mixed
2026-05-10T11:59:10+00:00,slice_2,upf_8,UPF,47.236,59.296,32.153,0.004654,250.735,0.667078,0,,realistic_mixed
2026-05-10T12:00:10+00:00,slice_1,gnb_1,gNB,61.771,62.497,21.911,0.003717,530.755,0.78874,0,,realistic_mixed
2026-05-10T12:00:10+00:00,slice_2,upf_2,UPF,51.588,49.594,31.066,0.002049,226.791,0.682488,0,,realistic_mixed
2026-05-10T12:00:10+00:00,slice_3,router_3,Router,43.681,49.777,12.626,0.002383,470.268,0.71348,0,,realistic_mixed
2026-05-10T12:00:10+00:00,slice_1,service_4,Service,56.941,61.674,24.321,0.00425,563.798,0.819976,0,,realistic_mixed
2026-05-10T12:00:10+00:00,slice_2,amf_5,AMF,70.933,61.849,39.015,0.00276,255.902,0.723842,0,,realistic_mixed
2026-05-10T12:00:10+00:00,slice_3,smf_6,SMF,37.247,47.889,11.982,0.004054,203.44,0.652689,0,,realistic_mixed
2026-05-10T12:00:10+00:00,slice_1,gnb_7,gNB,49.989,57.664,25.667,0.00397,591.641,0.800417,0,,realistic_mixed
2026-05-10T12:00:10+00:00,slice_2,upf_8,UPF,52.653,54.139,30.894,0.002955,162.395,0.713838,0,,realistic_mixed
2026-05-10T12:01:10+00:00,slice_1,gnb_1,gNB,54.502,50.845,20.987,0.003707,522.599,0.746567,0,,realistic_mixed
2026-05-10T12:01:10+00:00,slice_2,upf_2,UPF,49.46,43.958,31.382,0.004056,218.262,0.703419,0,,realistic_mixed
2026-05-10T12:01:10+00:00,slice_3,router_3,Router,54.95,48.642,14.932,0.004524,328.945,0.805133,0,,realistic_mixed
2026-05-10T12:01:10+00:00,slice_1,service_4,Service,37.717,43.498,21.471,0.003734,349.772,0.680593,0,,realistic_mixed
2026-05-10T12:01:10+00:00,slice_2,amf_5,AMF,50.66,51.606,30.315,0.002545,318.236,0.607734,0,,realistic_mixed
2026-05-10T12:01:10+00:00,slice_3,smf_6,SMF,54.469,43.166,13.233,0.002554,352.644,0.740065,0,,realistic_mixed
2026-05-10T12:01:10+00:00,slice_1,gnb_7,gNB,42.719,49.024,19.066,0.00446,474.536,0.724797,0,,realistic_mixed
2026-05-10T12:01:10+00:00,slice_2,upf_8,UPF,54.093,56.321,32.006,0.00306,148.765,0.653997,0,,realistic_mixed
2026-05-10T12:02:10+00:00,slice_1,gnb_1,gNB,51.658,56.856,18.289,0.003551,461.475,0.684504,0,,realistic_mixed
2026-05-10T12:02:10+00:00,slice_2,upf_2,UPF,40.553,43.955,31.162,0.002386,287.578,0.685748,0,,realistic_mixed
2026-05-10T12:02:10+00:00,slice_3,router_3,Router,53.707,48.636,12.103,0.003191,378.486,0.758494,0,,realistic_mixed
2026-05-10T12:02:10+00:00,slice_1,service_4,Service,53.0,52.978,20.268,0.005178,491.869,0.760165,0,,realistic_mixed
2026-05-10T12:02:10+00:00,slice_2,amf_5,AMF,46.34,72.659,33.151,0.00227,147.227,0.748284,0,,realistic_mixed
2026-05-10T12:02:10+00:00,slice_3,smf_6,SMF,45.728,59.808,10.627,0.005462,367.377,0.729592,0,,realistic_mixed
2026-05-10T12:02:10+00:00,slice_1,gnb_7,gNB,49.82,51.683,22.97,0.006378,615.208,0.781072,0,,realistic_mixed
2026-05-10T12:02:10+00:00,slice_2,upf_8,UPF,56.094,65.478,31.129,0.003735,222.045,0.70151,0,,realistic_mixed
2026-05-10T12:03:10+00:00,slice_1,gnb_1,gNB,54.187,59.991,20.339,0.005055,508.158,0.719892,0,,realistic_mixed
2026-05-10T12:03:10+00:00,slice_2,upf_2,UPF,36.045,55.833,32.01,0.004495,259.86,0.732981,0,,realistic_mixed
2026-05-10T12:03:10+00:00,slice_3,router_3,Router,55.04,58.426,11.555,0.005446,225.465,0.754797,0,,realistic_mixed
2026-05-10T12:03:10+00:00,slice_1,service_4,Service,49.969,50.979,31.146,0.013647,556.168,0.900791,0,,realistic_mixed
2026-05-10T12:03:10+00:00,slice_2,amf_5,AMF,51.126,53.025,30.637,0.004584,215.061,0.681262,0,,realistic_mixed
2026-05-10T12:03:10+00:00,slice_3,smf_6,SMF,36.019,51.764,11.433,0.002484,286.423,0.759572,0,,realistic_mixed
2026-05-10T12:03:10+00:00,slice_1,gnb_7,gNB,56.941,56.593,24.319,0.00332,500.548,0.807513,0,,realistic_mixed
2026-05-10T12:03:10+00:00,slice_2,upf_8,UPF,52.293,53.837,31.132,0.003786,300.377,0.75613,0,,realistic_mixed
2026-05-10T12:04:10+00:00,slice_1,gnb_1,gNB,50.432,62.365,25.933,0.003548,538.991,0.805208,0,,realistic_mixed
2026-05-10T12:04:10+00:00,slice_2,upf_2,UPF,49.282,56.17,31.061,0.003212,254.435,0.644528,0,,realistic_mixed
2026-05-10T12:04:10+00:00,slice_3,router_3,Router,41.436,57.275,10.81,0.004775,299.145,0.740778,0,,realistic_mixed
2026-05-10T12:04:10+00:00,slice_1,service_4,Service,40.502,61.625,22.752,0.00731,642.672,0.783982,0,,realistic_mixed
2026-05-10T12:04:10+00:00,slice_2,amf_5,AMF,45.147,58.722,33.214,0.002107,237.41,0.778486,0,,realistic_mixed
2026-05-10T12:04:10+00:00,slice_3,smf_6,SMF,40.956,59.993,15.276,0.003471,260.749,0.790211,0,,realistic_mixed
2026-05-10T12:04:10+00:00,slice_1,gnb_7,gNB,62.594,62.898,27.739,0.004819,621.666,0.843408,0,,realistic_mixed
2026-05-10T12:04:10+00:00,slice_2,upf_8,UPF,66.67,51.304,33.325,0.003909,77.799,0.716101,0,,realistic_mixed
2026-05-10T12:05:10+00:00,slice_1,gnb_1,gNB,65.83,69.319,22.851,0.003229,617.914,0.77077,0,,realistic_mixed
2026-05-10T12:05:10+00:00,slice_2,upf_2,UPF,59.562,62.757,30.063,0.004626,317.811,0.671112,0,,realistic_mixed
2026-05-10T12:05:10+00:00,slice_3,router_3,Router,35.289,45.766,14.065,0.005736,320.053,0.685108,0,,realistic_mixed
2026-05-10T12:05:10+00:00,slice_1,service_4,Service,59.682,59.992,18.506,0.00455,447.577,0.74994,0,,realistic_mixed
2026-05-10T12:05:10+00:00,slice_2,amf_5,AMF,39.62,61.466,30.961,0.002668,197.038,0.567841,0,,realistic_mixed
2026-05-10T12:05:10+00:00,slice_3,smf_6,SMF,53.669,51.981,18.322,0.00316,303.215,0.794111,0,,realistic_mixed
2026-05-10T12:05:10+00:00,slice_1,gnb_7,gNB,60.943,50.276,25.28,0.006207,619.954,0.8253,0,,realistic_mixed
2026-05-10T12:05:10+00:00,slice_2,upf_8,UPF,57.176,46.75,30.79,0.0043,141.738,0.64533,0,,realistic_mixed
2026-05-10T12:06:10+00:00,slice_1,gnb_1,gNB,48.793,69.339,32.62,0.012111,438.925,0.893833,0,,realistic_mixed
2026-05-10T12:06:10+00:00,slice_2,upf_2,UPF,57.366,61.874,32.837,0.004575,229.922,0.584454,0,,realistic_mixed
2026-05-10T12:06:10+00:00,slice_3,router_3,Router,53.187,57.338,9.335,0.00258,293.233,0.731303,0,,realistic_mixed
2026-05-10T12:06:10+00:00,slice_1,service_4,Service,44.534,57.118,26.021,0.004046,547.435,0.819453,0,,realistic_mixed
2026-05-10T12:06:10+00:00,slice_2,amf_5,AMF,46.915,50.032,30.779,0.005514,233.386,0.649347,0,,realistic_mixed
2026-05-10T12:06:10+00:00,slice_3,smf_6,SMF,64.095,64.32,13.661,0.002034,501.787,0.755467,0,,realistic_mixed
2026-05-10T12:06:10+00:00,slice_1,gnb_7,gNB,52.869,56.96,17.958,0.002452,570.941,0.713963,0,,realistic_mixed
2026-05-10T12:06:10+00:00,slice_2,upf_8,UPF,44.674,44.126,30.897,0.00269,266.381,0.728321,0,,realistic_mixed
2026-05-10T12:07:10+00:00,slice_1,gnb_1,gNB,45.783,57.018,21.184,0.006681,334.468,0.784822,0,,realistic_mixed
2026-05-10T12:07:10+00:00,slice_2,upf_2,UPF,64.059,50.528,30.796,0.00321,172.168,0.731509,0,,realistic_mixed
2026-05-10T12:07:10+00:00,slice_3,router_3,Router,69.964,57.639,17.412,0.007701,225.491,0.647165,0,,realistic_mixed
2026-05-10T12:07:10+00:00,slice_1,service_4,Service,52.246,51.899,18.312,0.002979,647.699,0.756225,0,,realistic_mixed
2026-05-10T12:07:10+00:00,slice_2,amf_5,AMF,55.572,70.03,31.3,0.004798,297.402,0.646965,0,,realistic_mixed
2026-05-10T12:07:10+00:00,slice_3,smf_6,SMF,43.636,51.62,21.669,0.005258,301.354,0.846109,0,,realistic_mixed
2026-05-10T12:07:10+00:00,slice_1,gnb_7,gNB,45.677,52.984,19.512,0.002541,450.239,0.694748,0,,realistic_mixed
2026-05-10T12:07:10+00:00,slice_2,upf_8,UPF,51.727,57.373,35.685,0.003974,163.566,0.610016,0,,realistic_mixed
2026-05-10T12:08:10+00:00,slice_1,gnb_1,gNB,57.344,52.729,27.762,0.006505,379.165,0.836997,0,,realistic_mixed
2026-05-10T12:08:10+00:00,slice_2,upf_2,UPF,48.189,56.503,31.85,0.00528,150.386,0.611005,0,,realistic_mixed
2026-05-10T12:08:10+00:00,slice_3,router_3,Router,55.183,57.107,11.043,0.002642,377.6,0.765625,0,,realistic_mixed
2026-05-10T12:08:10+00:00,slice_1,service_4,Service,41.409,46.864,22.878,0.005036,448.021,0.757839,0,,realistic_mixed
2026-05-10T12:08:10+00:00,slice_2,amf_5,AMF,56.579,66.622,29.738,0.00307,201.539,0.689026,0,,realistic_mixed
2026-05-10T12:08:10+00:00,slice_3,smf_6,SMF,44.075,62.993,12.643,0.003096,450.144,0.759721,0,,realistic_mixed
2026-05-10T12:08:10+00:00,slice_1,gnb_7,gNB,40.92,45.35,27.313,0.003534,457.758,0.820383,0,,realistic_mixed
2026-05-10T12:08:10+00:00,slice_2,upf_8,UPF,47.213,57.894,37.321,0.004859,289.714,0.679016,0,,realistic_mixed
2026-05-10T12:09:10+00:00,slice_1,gnb_1,gNB,53.099,37.754,22.241,0.002451,400.816,0.78614,0,,realistic_mixed
2026-05-10T12:09:10+00:00,slice_2,upf_2,UPF,58.673,62.848,32.566,0.002752,142.821,0.613617,0,,realistic_mixed
2026-05-10T12:09:10+00:00,slice_3,router_3,Router,52.012,49.313,10.283,0.005906,219.818,0.711808,0,,realistic_mixed
2026-05-10T12:09:10+00:00,slice_1,service_4,Service,53.911,58.195,27.297,0.007138,490.093,0.8566,0,,realistic_mixed
2026-05-10T12:09:10+00:00,slice_2,amf_5,AMF,60.804,57.482,30.16,0.003011,98.036,0.46444,0,,realistic_mixed
2026-05-10T12:09:10+00:00,slice_3,smf_6,SMF,47.056,49.921,16.0,0.00364,378.434,0.817852,0,,realistic_mixed
2026-05-10T12:09:10+00:00,slice_1,gnb_7,gNB,64.953,59.705,18.911,0.003599,504.715,0.704368,0,,realistic_mixed
2026-05-10T12:09:10+00:00,slice_2,upf_8,UPF,59.388,56.052,33.144,0.005651,310.953,0.766762,0,,realistic_mixed
2026-05-10T12:10:10+00:00,slice_1,gnb_1,gNB,53.676,57.106,17.927,0.003048,655.022,0.688055,0,,realistic_mixed
2026-05-10T12:10:10+00:00,slice_2,upf_2,UPF,43.459,44.928,30.441,0.002653,254.886,0.666602,0,,realistic_mixed
2026-05-10T12:10:10+00:00,slice_3,router_3,Router,53.397,60.538,11.709,0.004215,317.642,0.654549,0,,realistic_mixed
2026-05-10T12:10:10+00:00,slice_1,service_4,Service,43.164,57.118,20.146,0.00605,367.076,0.77386,0,,realistic_mixed
2026-05-10T12:10:10+00:00,slice_2,amf_5,AMF,53.696,50.834,30.161,0.002599,177.245,0.64228,0,,realistic_mixed
2026-05-10T12:10:10+00:00,slice_3,smf_6,SMF,56.053,56.032,15.09,0.004057,356.599,0.803551,0,,realistic_mixed
2026-05-10T12:10:10+00:00,slice_1,gnb_7,gNB,41.992,51.635,29.475,0.006057,386.43,0.848145,0,,realistic_mixed
2026-05-10T12:10:10+00:00,slice_2,upf_8,UPF,48.817,55.533,33.083,0.005513,194.702,0.5646,0,,realistic_mixed
2026-05-10T12:11:10+00:00,slice_1,gnb_1,gNB,48.89,58.972,25.235,0.002967,693.199,0.822486,0,,realistic_mixed
2026-05-10T12:11:10+00:00,slice_2,upf_2,UPF,43.35,51.72,30.482,0.00379,163.938,0.655172,0,,realistic_mixed
2026-05-10T12:11:10+00:00,slice_3,router_3,Router,57.871,62.146,11.924,0.00358,325.88,0.723831,0,,realistic_mixed
2026-05-10T12:11:10+00:00,slice_1,service_4,Service,50.34,47.146,21.969,0.004081,395.682,0.661784,0,,realistic_mixed
2026-05-10T12:11:10+00:00,slice_2,amf_5,AMF,46.047,58.211,31.025,0.00343,264.082,0.677466,0,,realistic_mixed
2026-05-10T12:11:10+00:00,slice_3,smf_6,SMF,51.744,42.941,15.183,0.003146,391.114,0.784361,0,,realistic_mixed
2026-05-10T12:11:10+00:00,slice_1,gnb_7,gNB,48.722,47.457,17.7,0.002416,424.887,0.705584,0,,realistic_mixed
2026-05-10T12:11:10+00:00,slice_2,upf_8,UPF,44.505,55.631,31.558,0.003002,250.833,0.592407,0,,realistic_mixed
2026-05-10T12:12:10+00:00,slice_1,gnb_1,gNB,60.61,62.772,18.243,0.004219,440.855,0.717206,0,,realistic_mixed
2026-05-10T12:12:10+00:00,slice_2,upf_2,UPF,55.246,44.38,31.353,0.002986,280.465,0.664458,0,,realistic_mixed
2026-05-10T12:12:10+00:00,slice_3,router_3,Router,54.092,54.727,10.838,0.004067,310.658,0.720198,0,,realistic_mixed
2026-05-10T12:12:10+00:00,slice_1,service_4,Service,53.552,62.16,26.142,0.002945,413.832,0.809831,0,,realistic_mixed
2026-05-10T12:12:10+00:00,slice_2,amf_5,AMF,51.665,62.904,31.385,0.003637,239.458,0.646881,0,,realistic_mixed
2026-05-10T12:12:10+00:00,slice_3,smf_6,SMF,51.654,59.387,13.775,0.003226,378.754,0.777405,0,,realistic_mixed
2026-05-10T12:12:10+00:00,slice_1,gnb_7,gNB,46.248,40.774,24.329,0.002695,511.905,0.810121,0,,realistic_mixed
2026-05-10T12:12:10+00:00,slice_2,upf_8,UPF,58.797,54.634,29.998,0.003675,111.575,0.621465,0,,realistic_mixed
2026-05-10T12:13:10+00:00,slice_1,gnb_1,gNB,57.26,59.674,18.564,0.002784,593.99,0.662914,0,,realistic_mixed
2026-05-10T12:13:10+00:00,slice_2,upf_2,UPF,62.299,64.445,32.566,0.003182,266.352,0.617142,0,,realistic_mixed
2026-05-10T12:13:10+00:00,slice_3,router_3,Router,52.582,50.097,19.401,0.006518,375.411,0.811358,0,,realistic_mixed
2026-05-10T12:13:10+00:00,slice_1,service_4,Service,53.443,57.011,18.897,0.002095,387.865,0.727621,0,,realistic_mixed
2026-05-10T12:13:10+00:00,slice_2,amf_5,AMF,54.438,68.69,30.527,0.002362,271.513,0.70248,0,,realistic_mixed
2026-05-10T12:13:10+00:00,slice_3,smf_6,SMF,48.352,54.403,16.738,0.002182,232.561,0.809304,0,,realistic_mixed
2026-05-10T12:13:10+00:00,slice_1,gnb_7,gNB,50.481,62.828,20.771,0.002434,423.675,0.769915,0,,realistic_mixed
2026-05-10T12:13:10+00:00,slice_2,upf_8,UPF,53.047,50.668,31.16,0.003279,210.377,0.64584,0,,realistic_mixed
2026-05-10T12:14:10+00:00,slice_1,gnb_1,gNB,50.201,62.955,29.554,0.008676,468.606,0.873644,0,,realistic_mixed
2026-05-10T12:14:10+00:00,slice_2,upf_2,UPF,40.929,51.59,31.231,0.002071,116.445,0.563985,0,,realistic_mixed
2026-05-10T12:14:10+00:00,slice_3,router_3,Router,56.941,56.649,16.989,0.005591,329.089,0.807266,0,,realistic_mixed
2026-05-10T12:14:10+00:00,slice_1,service_4,Service,43.0,57.909,20.314,0.002373,480.676,0.779053,0,,realistic_mixed
2026-05-10T12:14:10+00:00,slice_2,amf_5,AMF,63.738,56.954,30.395,0.004175,269.523,0.641952,0,,realistic_mixed
2026-05-10T12:14:10+00:00,slice_3,smf_6,SMF,45.794,51.441,12.32,0.0031,491.033,0.746148,0,,realistic_mixed
2026-05-10T12:14:10+00:00,slice_1,gnb_7,gNB,58.294,45.884,18.65,0.002169,597.591,0.727894,0,,realistic_mixed
2026-05-10T12:14:10+00:00,slice_2,upf_8,UPF,53.338,63.413,34.76,0.002151,171.917,0.597926,0,,realistic_mixed
2026-05-10T12:15:10+00:00,slice_1,gnb_1,gNB,55.837,48.028,19.895,0.004263,267.782,0.768321,0,,realistic_mixed
2026-05-10T12:15:10+00:00,slice_2,upf_2,UPF,39.454,41.475,31.436,0.002555,253.924,0.641689,0,,realistic_mixed
2026-05-10T12:15:10+00:00,slice_3,router_3,Router,52.531,55.379,12.846,0.003541,290.878,0.725666,0,,realistic_mixed
2026-05-10T12:15:10+00:00,slice_1,service_4,Service,55.748,62.981,21.505,0.003144,464.543,0.784176,0,,realistic_mixed
2026-05-10T12:15:10+00:00,slice_2,amf_5,AMF,38.693,46.947,32.542,0.003818,181.405,0.671728,0,,realistic_mixed
2026-05-10T12:15:10+00:00,slice_3,smf_6,SMF,52.491,41.376,11.55,0.004926,334.669,0.705971,0,,realistic_mixed
2026-05-10T12:15:10+00:00,slice_1,gnb_7,gNB,49.183,54.09,20.539,0.003297,600.245,0.769062,0,,realistic_mixed
2026-05-10T12:15:10+00:00,slice_2,upf_8,UPF,49.176,58.53,30.996,0.002884,213.803,0.735592,0,,realistic_mixed
2026-05-10T12:16:10+00:00,slice_1,gnb_1,gNB,47.01,46.362,19.944,0.002925,489.473,0.774147,0,,realistic_mixed
2026-05-10T12:16:10+00:00,slice_2,upf_2,UPF,51.896,53.297,31.998,0.003175,250.988,0.671782,0,,realistic_mixed
2026-05-10T12:16:10+00:00,slice_3,router_3,Router,62.188,64.781,9.658,0.002681,360.568,0.679362,0,,realistic_mixed
2026-05-10T12:16:10+00:00,slice_1,service_4,Service,45.955,48.188,25.38,0.005709,566.333,0.847,0,,realistic_mixed
2026-05-10T12:16:10+00:00,slice_2,amf_5,AMF,60.098,64.119,31.204,0.005281,188.304,0.739902,0,,realistic_mixed
2026-05-10T12:16:10+00:00,slice_3,smf_6,SMF,52.41,66.397,11.516,0.00286,318.953,0.616591,0,,realistic_mixed
2026-05-10T12:16:10+00:00,slice_1,gnb_7,gNB,54.973,63.38,32.891,0.010956,476.316,0.889666,0,,realistic_mixed
2026-05-10T12:16:10+00:00,slice_2,upf_8,UPF,52.87,60.861,30.518,0.002782,86.83,0.608306,0,,realistic_mixed
2026-05-10T12:17:10+00:00,slice_1,gnb_1,gNB,58.454,58.022,24.857,0.002504,510.882,0.813737,0,,realistic_mixed
2026-05-10T12:17:10+00:00,slice_2,upf_2,UPF,50.975,63.085,30.09,0.003649,182.712,0.714525,0,,realistic_mixed
2026-05-10T12:17:10+00:00,slice_3,router_3,Router,55.585,61.436,17.934,0.00519,428.836,0.807574,0,,realistic_mixed
2026-05-10T12:17:10+00:00,slice_1,service_4,Service,54.568,58.812,22.511,0.004385,496.181,0.783913,0,,realistic_mixed
2026-05-10T12:17:10+00:00,slice_2,amf_5,AMF,53.788,47.927,30.05,0.00251,155.819,0.566091,0,,realistic_mixed
2026-05-10T12:17:10+00:00,slice_3,smf_6,SMF,54.504,52.771,16.572,0.003873,286.084,0.825979,0,,realistic_mixed
2026-05-10T12:17:10+00:00,slice_1,gnb_7,gNB,46.276,53.299,21.961,0.002539,293.648,0.706309,0,,realistic_mixed
2026-05-10T12:17:10+00:00,slice_2,upf_8,UPF,63.825,52.224,31.187,0.003165,199.256,0.665827,0,,realistic_mixed
2026-05-10T12:18:10+00:00,slice_1,gnb_1,gNB,49.651,42.274,22.192,0.005946,411.772,0.78897,0,,realistic_mixed
2026-05-10T12:18:10+00:00,slice_2,upf_2,UPF,47.533,43.266,29.852,0.00461,309.895,0.675289,0,,realistic_mixed
2026-05-10T12:18:10+00:00,slice_3,router_3,Router,53.654,55.916,12.416,0.004818,301.61,0.680582,0,,realistic_mixed
2026-05-10T12:18:10+00:00,slice_1,service_4,Service,39.523,57.645,19.955,0.00256,450.711,0.69799,0,,realistic_mixed
2026-05-10T12:18:10+00:00,slice_2,amf_5,AMF,50.18,44.435,32.339,0.00691,109.291,0.616944,0,,realistic_mixed
2026-05-10T12:18:10+00:00,slice_3,smf_6,SMF,55.252,51.004,12.125,0.002815,377.892,0.654845,0,,realistic_mixed
2026-05-10T12:18:10+00:00,slice_1,gnb_7,gNB,49.776,52.316,22.792,0.003357,501.32,0.747066,0,,realistic_mixed
2026-05-10T12:18:10+00:00,slice_2,upf_8,UPF,54.584,54.911,36.731,0.004587,293.252,0.66795,0,,realistic_mixed
2026-05-10T12:19:10+00:00,slice_1,gnb_1,gNB,57.617,60.982,18.502,0.002877,500.012,0.642964,0,,realistic_mixed
2026-05-10T12:19:10+00:00,slice_2,upf_2,UPF,49.581,48.879,30.08,0.006903,235.863,0.616295,0,,realistic_mixed
2026-05-10T12:19:10+00:00,slice_3,router_3,Router,55.769,65.534,16.412,0.004523,309.544,0.821734,0,,realistic_mixed
2026-05-10T12:19:10+00:00,slice_1,service_4,Service,53.61,58.622,19.928,0.002112,516.047,0.760241,0,,realistic_mixed
2026-05-10T12:19:10+00:00,slice_2,amf_5,AMF,51.641,55.203,32.349,0.004369,81.143,0.611097,0,,realistic_mixed
2026-05-10T12:19:10+00:00,slice_3,smf_6,SMF,53.961,64.046,12.799,0.002654,356.031,0.744806,0,,realistic_mixed
2026-05-10T12:19:10+00:00,slice_1,gnb_7,gNB,52.179,57.763,22.056,0.003687,552.139,0.790217,0,,realistic_mixed
2026-05-10T12:19:10+00:00,slice_2,upf_8,UPF,57.998,51.44,30.534,0.002359,289.475,0.716944,0,,realistic_mixed
2026-05-10T12:20:10+00:00,slice_1,gnb_1,gNB,37.915,45.843,23.094,0.003408,457.827,0.80576,0,,realistic_mixed
2026-05-10T12:20:10+00:00,slice_2,upf_2,UPF,54.22,51.737,30.792,0.002773,116.605,0.667874,0,,realistic_mixed
2026-05-10T12:20:10+00:00,slice_3,router_3,Router,52.288,58.586,17.822,0.003739,491.797,0.80304,0,,realistic_mixed
2026-05-10T12:20:10+00:00,slice_1,service_4,Service,37.457,55.559,18.831,0.003495,330.011,0.746479,0,,realistic_mixed
2026-05-10T12:20:10+00:00,slice_2,amf_5,AMF,50.52,50.625,31.917,0.002361,258.682,0.586491,0,,realistic_mixed
2026-05-10T12:20:10+00:00,slice_3,smf_6,SMF,56.22,58.888,11.623,0.004481,387.912,0.7326,0,,realistic_mixed
2026-05-10T12:20:10+00:00,slice_1,gnb_7,gNB,37.02,44.598,19.289,0.003272,422.726,0.693297,0,,realistic_mixed
2026-05-10T12:20:10+00:00,slice_2,upf_8,UPF,42.262,51.21,32.086,0.005205,196.992,0.629939,0,,realistic_mixed
2026-05-10T12:21:10+00:00,slice_1,gnb_1,gNB,55.132,46.569,21.118,0.00238,454.842,0.728579,0,,realistic_mixed
2026-05-10T12:21:10+00:00,slice_2,upf_2,UPF,63.7,65.792,31.238,0.003379,136.281,0.612837,0,,realistic_mixed
2026-05-10T12:21:10+00:00,slice_3,router_3,Router,50.77,60.875,11.542,0.003328,310.783,0.741026,0,,realistic_mixed
2026-05-10T12:21:10+00:00,slice_1,service_4,Service,48.065,49.388,19.033,0.003679,435.993,0.74101,0,,realistic_mixed
2026-05-10T12:21:10+00:00,slice_2,amf_5,AMF,49.803,44.09,32.066,0.00449,173.071,0.541193,0,,realistic_mixed
2026-05-10T12:21:10+00:00,slice_3,smf_6,SMF,45.295,56.257,19.141,0.00373,325.706,0.831944,0,,realistic_mixed
2026-05-10T12:21:10+00:00,slice_1,gnb_7,gNB,47.446,61.665,19.856,0.002659,396.34,0.732166,0,,realistic_mixed
2026-05-10T12:21:10+00:00,slice_2,upf_8,UPF,43.648,44.999,30.3,0.003384,176.817,0.646849,0,,realistic_mixed
2026-05-10T12:22:10+00:00,slice_1,gnb_1,gNB,54.934,59.143,18.321,0.005261,481.584,0.596465,0,,realistic_mixed
2026-05-10T12:22:10+00:00,slice_2,upf_2,UPF,59.252,59.319,31.519,0.00237,212.541,0.636042,0,,realistic_mixed
2026-05-10T12:22:10+00:00,slice_3,router_3,Router,44.762,54.227,13.942,0.003191,286.478,0.736664,0,,realistic_mixed
2026-05-10T12:22:10+00:00,slice_1,service_4,Service,40.287,49.644,17.622,0.003011,380.384,0.719318,0,,realistic_mixed
2026-05-10T12:22:10+00:00,slice_2,amf_5,AMF,42.803,40.938,30.245,0.003362,268.597,0.645102,0,,realistic_mixed
2026-05-10T12:22:10+00:00,slice_3,smf_6,SMF,55.868,54.96,12.042,0.0035,195.811,0.751068,0,,realistic_mixed
2026-05-10T12:22:10+00:00,slice_1,gnb_7,gNB,58.708,65.669,25.03,0.003949,586.623,0.821715,0,,realistic_mixed
2026-05-10T12:22:10+00:00,slice_2,upf_8,UPF,53.81,50.815,30.577,0.00296,340.503,0.691512,0,,realistic_mixed
2026-05-10T12:23:10+00:00,slice_1,gnb_1,gNB,43.649,44.176,23.608,0.003136,446.919,0.809835,0,,realistic_mixed
2026-05-10T12:23:10+00:00,slice_2,upf_2,UPF,54.578,59.394,32.39,0.005647,180.122,0.753623,0,,realistic_mixed
2026-05-10T12:23:10+00:00,slice_3,router_3,Router,50.674,58.853,16.229,0.003753,300.781,0.798483,0,,realistic_mixed
2026-05-10T12:23:10+00:00,slice_1,service_4,Service,61.389,53.194,23.836,0.003605,472.532,0.799692,0,,realistic_mixed
2026-05-10T12:23:10+00:00,slice_2,amf_5,AMF,53.617,58.842,30.454,0.002298,144.626,0.654351,0,,realistic_mixed
2026-05-10T12:23:10+00:00,slice_3,smf_6,SMF,50.457,49.743,16.084,0.003965,262.268,0.800524,0,,realistic_mixed
2026-05-10T12:23:10+00:00,slice_1,gnb_7,gNB,45.243,45.882,28.405,0.007048,441.893,0.852698,0,,realistic_mixed
2026-05-10T12:23:10+00:00,slice_2,upf_8,UPF,54.74,52.734,31.363,0.004697,397.387,0.741817,0,,realistic_mixed
2026-05-10T12:24:10+00:00,slice_1,gnb_1,gNB,66.343,53.668,20.931,0.003588,510.045,0.763097,0,,realistic_mixed
2026-05-10T12:24:10+00:00,slice_2,upf_2,UPF,37.873,47.152,32.516,0.002628,248.963,0.700184,0,,realistic_mixed
2026-05-10T12:24:10+00:00,slice_3,router_3,Router,48.753,51.938,11.276,0.00486,267.497,0.732221,0,,realistic_mixed
2026-05-10T12:24:10+00:00,slice_1,service_4,Service,58.538,60.795,20.093,0.002582,603.047,0.775493,0,,realistic_mixed
2026-05-10T12:24:10+00:00,slice_2,amf_5,AMF,45.726,44.507,34.313,0.004419,386.096,0.776124,0,,realistic_mixed
2026-05-10T12:24:10+00:00,slice_3,smf_6,SMF,54.028,48.588,10.573,0.004183,347.563,0.673338,0,,realistic_mixed
2026-05-10T12:24:10+00:00,slice_1,gnb_7,gNB,53.966,57.232,25.871,0.005621,527.764,0.810495,0,,realistic_mixed
2026-05-10T12:24:10+00:00,slice_2,upf_8,UPF,50.98,47.636,34.005,0.002691,200.779,0.695404,0,,realistic_mixed
2026-05-10T12:25:10+00:00,slice_1,gnb_1,gNB,60.261,57.78,19.0,0.002895,470.964,0.73391,0,,realistic_mixed
2026-05-10T12:25:10+00:00,slice_2,upf_2,UPF,54.049,56.989,30.211,0.002072,299.972,0.635795,0,,realistic_mixed
2026-05-10T12:25:10+00:00,slice_3,router_3,Router,58.383,55.016,20.396,0.008519,181.856,0.838398,0,,realistic_mixed
2026-05-10T12:25:10+00:00,slice_1,service_4,Service,45.191,42.436,19.495,0.002696,454.464,0.668828,0,,realistic_mixed
2026-05-10T12:25:10+00:00,slice_2,amf_5,AMF,48.183,53.529,31.348,0.002099,121.569,0.632506,0,,realistic_mixed
2026-05-10T12:25:10+00:00,slice_3,smf_6,SMF,42.602,40.418,11.708,0.00405,234.555,0.642231,0,,realistic_mixed
2026-05-10T12:25:10+00:00,slice_1,gnb_7,gNB,53.696,61.546,20.109,0.00239,497.991,0.776347,0,,realistic_mixed
2026-05-10T12:25:10+00:00,slice_2,upf_8,UPF,48.82,56.16,29.846,0.002893,190.568,0.708875,0,,realistic_mixed
2026-05-10T12:26:10+00:00,slice_1,gnb_1,gNB,56.404,51.177,20.685,0.003924,511.223,0.773487,0,,realistic_mixed
2026-05-10T12:26:10+00:00,slice_2,upf_2,UPF,59.362,56.441,31.367,0.003105,179.04,0.561374,0,,realistic_mixed
2026-05-10T12:26:10+00:00,slice_3,router_3,Router,44.396,57.467,14.442,0.004511,353.664,0.759424,0,,realistic_mixed
2026-05-10T12:26:10+00:00,slice_1,service_4,Service,48.046,55.053,23.064,0.006909,574.679,0.786932,0,,realistic_mixed
2026-05-10T12:26:10+00:00,slice_2,amf_5,AMF,52.245,51.275,33.029,0.003826,139.251,0.684704,0,,realistic_mixed
2026-05-10T12:26:10+00:00,slice_3,smf_6,SMF,52.873,53.44,10.976,0.003188,219.188,0.74083,0,,realistic_mixed
2026-05-10T12:26:10+00:00,slice_1,gnb_7,gNB,61.866,67.427,29.646,0.008858,584.079,0.859685,0,,realistic_mixed
2026-05-10T12:26:10+00:00,slice_2,upf_8,UPF,51.506,58.907,31.033,0.00232,117.344,0.586899,0,,realistic_mixed
2026-05-10T12:27:10+00:00,slice_1,gnb_1,gNB,61.328,57.177,26.618,0.004132,500.197,0.818866,0,,realistic_mixed
2026-05-10T12:27:10+00:00,slice_2,upf_2,UPF,51.389,52.356,31.507,0.002402,319.396,0.575107,0,,realistic_mixed
2026-05-10T12:27:10+00:00,slice_3,router_3,Router,48.17,49.477,11.281,0.003582,290.355,0.673364,0,,realistic_mixed
2026-05-10T12:27:10+00:00,slice_1,service_4,Service,41.131,53.341,27.117,0.006531,439.437,0.851269,0,,realistic_mixed
2026-05-10T12:27:10+00:00,slice_2,amf_5,AMF,57.229,55.126,31.811,0.006344,140.811,0.663713,0,,realistic_mixed
2026-05-10T12:27:10+00:00,slice_3,smf_6,SMF,44.878,44.526,10.437,0.003845,328.662,0.719881,0,,realistic_mixed
2026-05-10T12:27:10+00:00,slice_1,gnb_7,gNB,48.719,52.03,16.909,0.004965,539.824,0.706341,0,,realistic_mixed
2026-05-10T12:27:10+00:00,slice_2,upf_8,UPF,49.67,57.103,29.407,0.003744,72.739,0.5553,0,,realistic_mixed
2026-05-10T12:28:10+00:00,slice_1,gnb_1,gNB,52.137,43.645,17.864,0.002209,467.721,0.709213,0,,realistic_mixed
2026-05-10T12:28:10+00:00,slice_2,upf_2,UPF,50.887,54.998,30.612,0.003228,307.659,0.609516,0,,realistic_mixed
2026-05-10T12:28:10+00:00,slice_3,router_3,Router,43.188,47.162,10.517,0.003731,235.246,0.728538,0,,realistic_mixed
2026-05-10T12:28:10+00:00,slice_1,service_4,Service,48.326,55.09,28.588,0.008593,486.87,0.862875,0,,realistic_mixed
2026-05-10T12:28:10+00:00,slice_2,amf_5,AMF,56.317,54.306,34.258,0.003071,169.259,0.621945,0,,realistic_mixed
2026-05-10T12:28:10+00:00,slice_3,smf_6,SMF,54.032,52.439,15.167,0.002984,366.063,0.785772,0,,realistic_mixed
2026-05-10T12:28:10+00:00,slice_1,gnb_7,gNB,38.006,33.706,30.145,0.011151,561.122,0.871047,0,,realistic_mixed
2026-05-10T12:28:10+00:00,slice_2,upf_8,UPF,53.716,51.853,32.389,0.002784,189.166,0.610111,0,,realistic_mixed
